-- data.sql - BCrypt 암호화 적용 버전

-- 환자용 사용자 데이터 삽입 (BCrypt 해시 비밀번호)
-- password123 = $2a$10$92IXUNpkjO0rOQ5byMi.Ye4oKoEa3Ro9llC/.og/at2uheWG/igi.
-- test123 = $2a$10$N.zmdr9k7uOsF5XUgbfTKuVnfZYPB7hSM1/dF3qNrww1D4gBQDJ6O
-- demo = $2a$10$8kGhUt8UJfcUQY8Nq7vFKOF.VrYBCzXJvkZaZ2ZJwV8q1mTc5RqF2

INSERT INTO users (id, username, password, user_type, role, patient_name, age, birth_date, phone_number, address, blood_type, active, created_at) VALUES
                                                                                                                                                      (1, 'patient_hong', '$2a$10$92IXUNpkjO0rOQ5byMi.Ye4oKoEa3Ro9llC/.og/at2uheWG/igi.', 'PATIENT', 'USER', '홍길동', 35, '1990-05-15', '010-1234-5678', '서울특별시 강남구 테헤란로 123', 'A형', true, NOW()),
                                                                                                                                                      (2, 'patient_kim', '$2a$10$92IXUNpkjO0rOQ5byMi.Ye4oKoEa3Ro9llC/.og/at2uheWG/igi.', 'PATIENT', 'USER', '김영희', 40, '1985-12-20', '010-9876-5432', '서울특별시 서초구 반포대로 456', 'B형', true, NOW()),
                                                                                                                                                      (3, 'patient_lee', '$2a$10$92IXUNpkjO0rOQ5byMi.Ye4oKoEa3Ro9llC/.og/at2uheWG/igi.', 'PATIENT', 'USER', '이철수', 47, '1978-03-10', '010-5555-7777', '서울특별시 송파구 올림픽로 789', 'O형', true, NOW()),
                                                                                                                                                      (4, 'patient_park', '$2a$10$92IXUNpkjO0rOQ5byMi.Ye4oKoEa3Ro9llC/.og/at2uheWG/igi.', 'PATIENT', 'USER', '박미영', 32, '1992-09-25', '010-1111-2222', '서울특별시 마포구 월드컵로 321', 'AB형', true, NOW()),
                                                                                                                                                      (5, 'patient_choi', '$2a$10$92IXUNpkjO0rOQ5byMi.Ye4oKoEa3Ro9llC/.og/at2uheWG/igi.', 'PATIENT', 'USER', '최영수', 45, '1980-07-08', '010-3333-4444', '서울특별시 용산구 한강대로 654', 'A형', true, NOW()),
-- 추가 테스트 계정들
                                                                                                                                                      (6, 'test1', '$2a$10$N.zmdr9k7uOsF5XUgbfTKuVnfZYPB7hSM1/dF3qNrww1D4gBQDJ6O', 'PATIENT', 'USER', '테스트1', 25, '2000-01-01', '010-0001-0001', '테스트 주소 1', 'A형', true, NOW()),
                                                                                                                                                      (7, 'test2', '$2a$10$N.zmdr9k7uOsF5XUgbfTKuVnfZYPB7hSM1/dF3qNrww1D4gBQDJ6O', 'PATIENT', 'USER', '테스트2', 30, '1995-01-01', '010-0002-0002', '테스트 주소 2', 'B형', true, NOW()),
                                                                                                                                                      (8, 'demo', '$2a$10$8kGhUt8UJfcUQY8Nq7vFKOF.VrYBCzXJvkZaZ2ZJwV8q1mTc5RqF2', 'PATIENT', 'USER', '데모계정', 28, '1997-01-01', '010-0000-0000', '데모 주소', 'O형', true, NOW());

-- 환자 데이터 삽입 (실제 병원에서 관리하는 환자 정보)
INSERT INTO patients (id, name, phone_number, address, birth_date, gender, allergies, medical_history, blood_type, patient_number, created_at) VALUES
                                                                                                                                                   (1, '홍길동', '010-1234-5678', '서울특별시 강남구 테헤란로 123', '1990-05-15', 'MALE', '페니실린 알레르기', '고혈압, 당뇨병 가족력', 'A_POSITIVE', '2025-001', NOW()),
                                                                                                                                                   (2, '김영희', '010-9876-5432', '서울특별시 서초구 반포대로 456', '1985-12-20', 'FEMALE', '새우 알레르기', '갑상선 기능 저하증', 'B_POSITIVE', '2025-002', NOW()),
                                                                                                                                                   (3, '이철수', '010-5555-7777', '서울특별시 송파구 올림픽로 789', '1978-03-10', 'MALE', '없음', '흡연력 10년', 'O_POSITIVE', '2025-003', NOW()),
                                                                                                                                                   (4, '박미영', '010-1111-2222', '서울특별시 마포구 월드컵로 321', '1992-09-25', 'FEMALE', '꽃가루 알레르기', '편두통', 'AB_POSITIVE', '2025-004', NOW()),
                                                                                                                                                   (5, '최영수', '010-3333-4444', '서울특별시 용산구 한강대로 654', '1980-07-08', 'MALE', '견과류 알레르기', '간염 B형 보균자', 'A_NEGATIVE', '2025-005', NOW()),
                                                                                                                                                   (6, '테스트1', '010-0001-0001', '테스트 주소 1', '2000-01-01', 'MALE', '없음', '없음', 'A_POSITIVE', '2025-006', NOW()),
                                                                                                                                                   (7, '테스트2', '010-0002-0002', '테스트 주소 2', '1995-01-01', 'FEMALE', '없음', '없음', 'B_POSITIVE', '2025-007', NOW()),
                                                                                                                                                   (8, '데모계정', '010-0000-0000', '데모 주소', '1997-01-01', 'MALE', '없음', '없음', 'O_POSITIVE', '2025-008', NOW());

-- 진료 기록 데이터 삽입 (의사 ID는 임시로 1로 설정)
INSERT INTO medical_records (id, patient_id, doctor_id, department, symptoms, diagnosis, treatment, doctor_notes, visit_date, medical_fee, room_number, status, created_at) VALUES
                                                                                                                                                                                (1, 1, 1, '내과', '복통, 소화불량', '기능성 소화불량', '생활습관 개선, 약물치료', '스트레스 관련 증상으로 보임', '2025-01-20 09:30:00', 50000, '301호', 'COMPLETED', NOW()),
                                                                                                                                                                                (2, 2, 1, '내과', '갑상선 수치 이상', '갑상선 기능 저하증', '갑상선 호르몬 투여', '정기적인 혈액검사 필요', '2025-01-18 14:00:00', 80000, '301호', 'COMPLETED', NOW()),
                                                                                                                                                                                (3, 3, 1, '외과', '복부 통증', '충수염 의심', '응급수술 필요', '즉시 입원 조치', '2025-01-15 22:15:00', 1500000, '응급실', 'COMPLETED', NOW()),
                                                                                                                                                                                (4, 4, 1, '소아과', '발열, 기침', '상기도 감염', '해열제, 진해제 처방', '충분한 휴식과 수분 섭취', '2025-01-22 10:45:00', 35000, '205호', 'COMPLETED', NOW()),
                                                                                                                                                                                (5, 1, 1, '내과', '정기검진', '건강상태 양호', '현재 치료 유지', '혈압, 혈당 수치 정상', '2025-01-25 11:00:00', 40000, '301호', 'ACTIVE', NOW()),
                                                                                                                                                                                (6, 6, 1, '내과', '건강검진', '정상', '특별한 치료 없음', '건강 상태 양호', '2025-01-26 10:00:00', 30000, '301호', 'COMPLETED', NOW());

-- 예약 데이터 삽입 (병원 ID와 의사 ID는 임시로 1로 설정)
INSERT INTO appointments (id, patient_id, hospital_id, doctor_id, appointment_date, department, status, appointment_type, notes, symptoms, room_number, estimated_duration, created_at) VALUES
                                                                                                                                                                                            (1, 1, 1, 1, '2025-02-05 09:30:00', '내과', 'SCHEDULED', 'FOLLOW_UP', '정기검진 예약', '특별한 증상 없음', '301호', 30, NOW()),
                                                                                                                                                                                            (2, 2, 1, 1, '2025-02-08 14:00:00', '내과', 'SCHEDULED', 'CONSULTATION', '갑상선 수치 재검사', '약물 복용 후 상태 확인', '301호', 20, NOW()),
                                                                                                                                                                                            (3, 4, 1, 1, '2025-02-10 10:30:00', '소아과', 'SCHEDULED', 'CONSULTATION', '감기 후 상태 확인', '기침이 지속됨', '205호', 15, NOW()),
                                                                                                                                                                                            (4, 3, 1, 1, '2025-02-12 16:00:00', '외과', 'SCHEDULED', 'FOLLOW_UP', '수술 후 경과 관찰', '봉합 부위 확인', '외과 2진료실', 25, NOW()),
                                                                                                                                                                                            (5, 5, 1, 1, '2025-02-15 11:00:00', '외과', 'SCHEDULED', 'CONSULTATION', '복부 불편감', '간헐적 복통', '외과 2진료실', 20, NOW()),
                                                                                                                                                                                            (6, 6, 1, 1, '2025-02-20 14:00:00', '내과', 'SCHEDULED', 'CHECK_UP', '정기 건강검진', '특별한 증상 없음', '301호', 30, NOW());

-- 처방전 데이터 삽입 (의사 ID는 임시로 1로 설정)
INSERT INTO prescriptions (id, patient_id, doctor_id, medical_record_id, prescribed_date, instructions, status, prescription_number, created_at) VALUES
                                                                                                                                                     (1, 1, 1, 1, '2025-01-20 09:30:00', '식후 30분에 복용하세요. 물과 함께 드세요.', 'DISPENSED', 'RX2025012001', NOW()),
                                                                                                                                                     (2, 2, 1, 2, '2025-01-18 14:00:00', '아침 공복에 복용하세요. 정기적으로 복용해야 합니다.', 'DISPENSED', 'RX2025011801', NOW()),
                                                                                                                                                     (3, 4, 1, 4, '2025-01-22 10:45:00', '해열제는 38도 이상일 때만 복용하세요.', 'DISPENSED', 'RX2025012201', NOW()),
                                                                                                                                                     (4, 1, 1, 5, '2025-01-25 11:00:00', '현재 복용 중인 약물 지속 복용', 'PRESCRIBED', 'RX2025012501', NOW()),
                                                                                                                                                     (5, 6, 1, 6, '2025-01-26 10:00:00', '비타민 보충제 복용', 'PRESCRIBED', 'RX2025012601', NOW());

-- 복약 관리 데이터 삽입
INSERT INTO medications (id, patient_id, prescription_id, medication_name, dosage, frequency, start_date, end_date, medication_time, status, instructions, reminder_enabled, total_doses, completed_doses, created_at) VALUES
                                                                                                                                                                                                                           (1, 1, 1, '판토프라졸', '40mg', 1, '2025-01-20', '2025-02-20', 'BEFORE_BREAKFAST', 'ACTIVE', '공복에 복용하세요', true, 31, 8, NOW()),
                                                                                                                                                                                                                           (2, 1, 1, '도미페리돈', '10mg', 3, '2025-01-20', '2025-02-05', 'BEFORE_BREAKFAST', 'ACTIVE', '식전 30분에 복용하세요', true, 48, 24, NOW()),
                                                                                                                                                                                                                           (3, 2, 2, '레보티록신', '50mcg', 1, '2025-01-18', '2025-07-18', 'BEFORE_BREAKFAST', 'ACTIVE', '공복에 복용하세요. 다른 약과 2시간 간격', true, 180, 15, NOW()),
                                                                                                                                                                                                                           (4, 4, 3, '아세트아미노펜', '500mg', 3, '2025-01-22', '2025-01-29', 'AS_NEEDED', 'COMPLETED', '발열시에만 복용', false, 21, 18, NOW()),
                                                                                                                                                                                                                           (5, 4, 3, '덱스트로메토르판', '15mg', 3, '2025-01-22', '2025-01-29', 'AFTER_BREAKFAST', 'COMPLETED', '기침시 복용', false, 21, 21, NOW()),
                                                                                                                                                                                                                           (6, 6, 5, '종합비타민', '1정', 1, '2025-01-26', '2025-02-26', 'AFTER_BREAKFAST', 'ACTIVE', '식후에 복용하세요', true, 31, 3, NOW());